n_qubits,time[ms]
2,790.5871868133545
3,1296.5171337127686
4,1732.6698303222656
5,2325.51908493042
6,2980.781078338623
7,4119.13800239563
8,4577.796459197998
9,5358.882427215576
10,5963.443994522095
11,7641.483306884766
12,8934.562683105469
13,15218.44482421875
14,18231.809616088867
15,24947.16191291809
16,42862.12348937988
17,70026.18288993835
