n_qubits,time[ms]
2,1049.2565631866455
3,1557.2338104248047
4,1938.27223777771
5,2367.347240447998
6,2808.7501525878906
7,3554.21781539917
8,4738.585710525513
9,5239.179849624634
10,5933.870077133179
11,6911.611795425415
12,9016.988754272461
13,10645.825147628784
14,14416.558504104614
15,22492.79761314392
16,44232.14793205261
17,82821.96974754333
18,165205.8780193329
