n_qubits,time[ms]
2,2205.5821418762207
3,3928.9917945861816
4,5825.104236602783
5,8853.173971176147
6,11978.827714920044
7,15020.973443984985
8,20320.2965259552
9,24027.501106262207
10,30977.929830551147
11,35051.639556884766
12,42624.927282333374
13,47516.804456710815
