n_qubits,time[ms]
2,578.2110691070557
3,795.2024936676025
4,1035.4628562927246
5,1295.1016426086426
6,1539.4742488861084
7,1986.0031604766846
8,2621.9358444213867
9,3195.876121520996
10,3651.0398387908936
11,3586.088180541992
12,4023.5421657562256
13,4638.354063034058
14,5476.943492889404
15,7176.120758056641
16,9698.828220367432
17,16247.95126914978
18,36483.84618759155
19,101134.68599319458
20,210350.1422405243
