n_qubits,time[ms]
2,722.7649688720703
3,1154.0467739105225
4,1576.2629508972168
5,2211.4205360412598
6,2474.904775619507
7,3374.466896057129
8,4183.089971542358
9,4995.209217071533
10,6047.146320343018
11,6764.789819717407
12,8917.454719543457
13,12870.530128479004
14,15046.837091445923
15,22922.544240951538
16,34204.81038093567
17,59179.59451675415
18,106579.82730865479
19,223136.61313056946
20,1064649.9555110931
