n_qubits,time[ms]
2,435.19020080566406
3,432.42669105529785
4,527.8623104095459
5,624.5274543762207
6,549.0255355834961
7,856.1840057373047
8,834.2235088348389
9,920.5121994018555
10,1133.127212524414
11,936.2733364105225
12,1187.8340244293213
13,1459.6498012542725
14,1795.182228088379
15,2603.5335063934326
16,4478.3618450164795
17,6882.282972335815
18,18823.87685775757
19,70161.26203536987
20,167022.0649242401
