n_qubits,time[ms]
2,340.5570983886719
3,412.23597526550293
4,523.5011577606201
5,572.1120834350586
6,635.0505352020264
7,737.5273704528809
8,730.9644222259521
9,895.9929943084717
10,966.5517807006836
11,997.2686767578125
12,1161.623239517212
13,1333.045482635498
14,2058.168411254883
15,2397.1030712127686
16,4040.156126022339
17,7633.999824523926
18,23842.394590377808
19,67102.06127166748
20,167506.56056404114
