n_qubits,time[ms]
2,4304.8436641693115
3,6591.429710388184
4,9009.411334991455
5,13427.947759628296
6,16531.861543655396
7,21034.504652023315
8,25802.23846435547
9,31541.917324066162
10,38363.57855796814
11,45548.10619354248
