n_qubits,time[ms]
2,230.19003868103027
3,288.4855270385742
4,346.32396697998047
5,361.38081550598145
6,738.184928894043
7,464.7631645202637
8,488.71493339538574
9,566.6563510894775
10,624.0267753601074
11,878.9622783660889
12,1166.6758060455322
13,1593.5547351837158
14,2247.666597366333
15,2767.6446437835693
16,2171.9164848327637
17,2726.3832092285156
18,4971.135854721069
19,9725.886106491089
20,43203.009843826294
21,129091.09115600586
