n_qubits,time[ms]
2,4408.489465713501
3,6498.632192611694
4,9858.757734298706
5,12389.798879623413
6,16601.935148239136
7,21211.180686950684
8,26324.5587348938
9,32508.22877883911
10,40435.349225997925
11,46879.75740432739
12,57432.94453620911
13,65133.08835029602
14,81005.91897964478
15,105170.07637023926
16,116665.07649421692
17,142045.94492912292
